{
  "spec": "supply-chain-research-audit",
  "task": "0.4",
  "seed": 42,
  "preservation_clauses": [
    "C3.2",
    "C3.3",
    "C3.7",
    "C3.9"
  ],
  "emissions": {
    "tolerance": 1e-09,
    "tolerance_kind": "absolute",
    "scenario": "HCV (Hickman 1999 MEET Table 3.2; cross-verified COPERT 5 / HBEFA 4.2) and LCV (Hickman 1999 Table 3.3)",
    "hcv_capacity_kg": 10000.0,
    "lcv_capacity_kg": 3000.0,
    "hcv_zero_rate_kgco2_per_km": 2.61,
    "hcv_half_rate_kgco2_per_km": 3.3449999999999998,
    "hcv_full_rate_kgco2_per_km": 4.08,
    "hcv_route_100km_full_kgco2": 408.0,
    "lcv_zero_rate_kgco2_per_km": 0.89,
    "lcv_full_rate_kgco2_per_km": 1.127,
    "diesel_co2_factor_kgco2_per_litre": 2.68
  },
  "nsga2_pareto": {
    "tolerance": 1e-06,
    "tolerance_kind": "relative",
    "config": {
      "pop_size": 500,
      "n_gen": 100,
      "seed": 42,
      "n_warehouses": 5,
      "n_customers": 100,
      "warm_start": false
    },
    "objective_names": [
      "cost_inr",
      "carbon_kg_co2"
    ],
    "n_solutions": 14,
    "front": [
      [
        470678.92328034155,
        36240.74887387267
      ],
      [
        463318.58705133107,
        36389.73891202065
      ],
      [
        449869.9610091159,
        36576.1673903643
      ],
      [
        468010.9541293968,
        36281.28737882443
      ],
      [
        473653.84448972123,
        36193.841502750234
      ],
      [
        449174.9315015541,
        36728.13722860342
      ],
      [
        483910.88891667424,
        36049.832897367894
      ],
      [
        472566.6063784165,
        36213.61877657888
      ],
      [
        456506.9193424627,
        36428.14605747006
      ],
      [
        465022.3130166609,
        36292.79682677207
      ],
      [
        453265.04638170666,
        36489.49767889909
      ],
      [
        470359.7118896161,
        36253.74556107416
      ],
      [
        449172.81657340814,
        37096.18355945805
      ],
      [
        474611.7127899779,
        36116.21177811903
      ]
    ],
    "min_cost": 449172.81657340814,
    "min_carbon": 36049.832897367894,
    "max_cost": 483910.88891667424,
    "max_carbon": 37096.18355945805,
    "n_generations_executed": 100,
    "hv_final": 385889195.66614443,
    "elapsed_seconds": 36.033
  },
  "cvrp_baseline": {
    "tolerance": 1e-06,
    "tolerance_kind": "relative",
    "config": {
      "method": "ortools",
      "vehicle_type": "HCV",
      "time_limit_seconds": 30,
      "seed": 42,
      "n_warehouses": 5,
      "n_customers": 100
    },
    "total_cost_inr": 306661.428,
    "total_emission_kgco2": 55975.315092045,
    "n_routes": 29,
    "feasible": true,
    "elapsed_seconds": 0.071
  },
  "des_service_level": {
    "tolerance": 0.005,
    "tolerance_kind": "absolute",
    "config": {
      "n_replications": 30,
      "base_seed": 42,
      "sim_days": 365,
      "warmup_days": 30,
      "n_warehouses": 5,
      "n_customers": 100,
      "shocks": []
    },
    "mean_service_level": 0.9565959959815298,
    "std_service_level": 0.0029094200408976466,
    "min_service_level": 0.9512887239439854,
    "max_service_level": 0.9630202334544039,
    "mean_total_cost_inr": 622195288.7957772,
    "mean_total_emission_kgco2": 90892195.30347571,
    "per_replication_service_level": [
      0.9616766356530465,
      0.9580071711677207,
      0.9524616213185337,
      0.9569875807551047,
      0.952640597423549,
      0.9543981194820886,
      0.9526070190833368,
      0.9589854329728074,
      0.9591989359171321,
      0.9599301430792894,
      0.9576813179738608,
      0.9548368189926927,
      0.9544263045816005,
      0.9512887239439854,
      0.959527666972908,
      0.9546750209824081,
      0.9593946858532026,
      0.9548179541842747,
      0.9565754377402066,
      0.9572930086837811,
      0.9539158224206967,
      0.9568380187684469,
      0.9555030282039744,
      0.9630202334544039,
      0.9572353312448927,
      0.9600758304032443,
      0.9517917519732392,
      0.9569853837121718,
      0.9581451814966765,
      0.9569591010066186
    ],
    "elapsed_seconds": 19.874
  }
}